timestamp,die,total_faces,face,total_rolls,simulated_pct,expected_pct,delta_pct,chi2,balance,anomaly_flag
2026-08-05 18:59:18,D4,4,1,24993907,24.9939,25.0,-0.0061,0.0,BALANCED,NO
2026-08-05 18:59:18,D4,4,2,25009587,25.0096,25.0,0.0096,0.0,BALANCED,NO
2026-08-05 18:59:18,D4,4,3,25000183,25.0002,25.0,0.0002,0.0,BALANCED,NO
2026-08-05 18:59:18,D4,4,4,24996323,24.9963,25.0,-0.0037,0.0,BALANCED,NO
2026-08-05 18:59:18,D6,6,1,16665883,16.6659,16.6667,-0.0008,0.0,BALANCED,NO
2026-08-05 18:59:18,D6,6,2,16666693,16.6667,16.6667,0.0,0.0,BALANCED,NO
2026-08-05 18:59:18,D6,6,3,16673011,16.673,16.6667,0.0063,0.0,BALANCED,NO
2026-08-05 18:59:18,D6,6,4,16666015,16.666,16.6667,-0.0007,0.0,BALANCED,NO
2026-08-05 18:59:18,D6,6,5,16664780,16.6648,16.6667,-0.0019,0.0,BALANCED,NO
2026-08-05 18:59:18,D6,6,6,16663618,16.6636,16.6667,-0.003,0.0,BALANCED,NO
2026-08-05 18:59:18,D8,8,1,12503835,12.5038,12.5,0.0038,0.0,BALANCED,NO
2026-08-05 18:59:18,D8,8,2,12498239,12.4982,12.5,-0.0018,0.0,BALANCED,NO
2026-08-05 18:59:18,D8,8,3,12495031,12.495,12.5,-0.005,0.0,BALANCED,NO
2026-08-05 18:59:18,D8,8,4,12498703,12.4987,12.5,-0.0013,0.0,BALANCED,NO
2026-08-05 18:59:18,D8,8,5,12498350,12.4984,12.5,-0.0016,0.0,BALANCED,NO
2026-08-05 18:59:18,D8,8,6,12499493,12.4995,12.5,-0.0005,0.0,BALANCED,NO
2026-08-05 18:59:18,D8,8,7,12505299,12.5053,12.5,0.0053,0.0,BALANCED,NO
2026-08-05 18:59:18,D8,8,8,12501050,12.501,12.5,0.001,0.0,BALANCED,NO
2026-08-05 18:59:18,D10,10,1,9999310,9.9993,10.0,-0.0007,0.0,BALANCED,NO
2026-08-05 18:59:18,D10,10,2,10005032,10.005,10.0,0.005,0.0,BALANCED,NO
2026-08-05 18:59:18,D10,10,3,9998406,9.9984,10.0,-0.0016,0.0,BALANCED,NO
2026-08-05 18:59:18,D10,10,4,9995351,9.9954,10.0,-0.0046,0.0,BALANCED,NO
2026-08-05 18:59:18,D10,10,5,10001142,10.0011,10.0,0.0011,0.0,BALANCED,NO
2026-08-05 18:59:18,D10,10,6,9999114,9.9991,10.0,-0.0009,0.0,BALANCED,NO
2026-08-05 18:59:18,D10,10,7,10001631,10.0016,10.0,0.0016,0.0,BALANCED,NO
2026-08-05 18:59:18,D10,10,8,10002321,10.0023,10.0,0.0023,0.0,BALANCED,NO
2026-08-05 18:59:18,D10,10,9,10000506,10.0005,10.0,0.0005,0.0,BALANCED,NO
2026-08-05 18:59:18,D10,10,10,9997187,9.9972,10.0,-0.0028,0.0,BALANCED,NO
2026-08-05 18:59:18,D12,12,1,8332836,8.3328,8.3333,-0.0005,0.0,BALANCED,NO
2026-08-05 18:59:18,D12,12,2,8334594,8.3346,8.3333,0.0013,0.0,BALANCED,NO
2026-08-05 18:59:18,D12,12,3,8332391,8.3324,8.3333,-0.0009,0.0,BALANCED,NO
2026-08-05 18:59:18,D12,12,4,8332037,8.332,8.3333,-0.0013,0.0,BALANCED,NO
2026-08-05 18:59:18,D12,12,5,8334263,8.3343,8.3333,0.0009,0.0,BALANCED,NO
2026-08-05 18:59:18,D12,12,6,8335121,8.3351,8.3333,0.0018,0.0,BALANCED,NO
2026-08-05 18:59:18,D12,12,7,8331515,8.3315,8.3333,-0.0018,0.0,BALANCED,NO
2026-08-05 18:59:18,D12,12,8,8332967,8.333,8.3333,-0.0004,0.0,BALANCED,NO
2026-08-05 18:59:18,D12,12,9,8336381,8.3364,8.3333,0.003,0.0,BALANCED,NO
2026-08-05 18:59:18,D12,12,10,8334144,8.3341,8.3333,0.0008,0.0,BALANCED,NO
2026-08-05 18:59:18,D12,12,11,8332874,8.3329,8.3333,-0.0005,0.0,BALANCED,NO
2026-08-05 18:59:18,D12,12,12,8330877,8.3309,8.3333,-0.0025,0.0,BALANCED,NO
2026-08-05 18:59:18,D20,20,1,4998758,4.9988,5.0,-0.0012,0.0,BALANCED,NO
2026-08-05 18:59:18,D20,20,2,5000842,5.0008,5.0,0.0008,0.0,BALANCED,NO
2026-08-05 18:59:18,D20,20,3,5001381,5.0014,5.0,0.0014,0.0,BALANCED,NO
2026-08-05 18:59:18,D20,20,4,5003558,5.0036,5.0,0.0036,0.0,BALANCED,NO
2026-08-05 18:59:18,D20,20,5,5000946,5.0009,5.0,0.0009,0.0,BALANCED,NO
2026-08-05 18:59:18,D20,20,6,4998768,4.9988,5.0,-0.0012,0.0,BALANCED,NO
2026-08-05 18:59:18,D20,20,7,4998454,4.9985,5.0,-0.0015,0.0,BALANCED,NO
2026-08-05 18:59:18,D20,20,8,5000806,5.0008,5.0,0.0008,0.0,BALANCED,NO
2026-08-05 18:59:18,D20,20,9,4999484,4.9995,5.0,-0.0005,0.0,BALANCED,NO
2026-08-05 18:59:18,D20,20,10,4996787,4.9968,5.0,-0.0032,0.0,BALANCED,NO
2026-08-05 18:59:18,D20,20,11,5002213,5.0022,5.0,0.0022,0.0,BALANCED,NO
2026-08-05 18:59:18,D20,20,12,4999438,4.9994,5.0,-0.0006,0.0,BALANCED,NO
2026-08-05 18:59:18,D20,20,13,5001942,5.0019,5.0,0.0019,0.0,BALANCED,NO
2026-08-05 18:59:18,D20,20,14,4998531,4.9985,5.0,-0.0015,0.0,BALANCED,NO
2026-08-05 18:59:18,D20,20,15,5003069,5.0031,5.0,0.0031,0.0,BALANCED,NO
2026-08-05 18:59:18,D20,20,16,4999124,4.9991,5.0,-0.0009,0.0,BALANCED,NO
2026-08-05 18:59:18,D20,20,17,5000265,5.0003,5.0,0.0003,0.0,BALANCED,NO
2026-08-05 18:59:18,D20,20,18,5001442,5.0014,5.0,0.0014,0.0,BALANCED,NO
2026-08-05 18:59:18,D20,20,19,4995687,4.9957,5.0,-0.0043,0.0,BALANCED,NO
2026-08-05 18:59:18,D20,20,20,4998505,4.9985,5.0,-0.0015,0.0,BALANCED,NO
2026-08-05 18:59:18,D100,100,1,998590,0.9986,1.0,-0.0014,0.0001,BALANCED,NO
2026-08-05 18:59:18,D100,100,2,1000622,1.0006,1.0,0.0006,0.0001,BALANCED,NO
2026-08-05 18:59:18,D100,100,3,1000203,1.0002,1.0,0.0002,0.0001,BALANCED,NO
2026-08-05 18:59:18,D100,100,4,998141,0.9981,1.0,-0.0019,0.0001,BALANCED,NO
2026-08-05 18:59:18,D100,100,5,999104,0.9991,1.0,-0.0009,0.0001,BALANCED,NO
2026-08-05 18:59:18,D100,100,6,999584,0.9996,1.0,-0.0004,0.0001,BALANCED,NO
2026-08-05 18:59:18,D100,100,7,999925,0.9999,1.0,-0.0001,0.0001,BALANCED,NO
2026-08-05 18:59:18,D100,100,8,999397,0.9994,1.0,-0.0006,0.0001,BALANCED,NO
2026-08-05 18:59:18,D100,100,9,999153,0.9992,1.0,-0.0008,0.0001,BALANCED,NO
2026-08-05 18:59:18,D100,100,10,1000908,1.0009,1.0,0.0009,0.0001,BALANCED,NO
2026-08-05 18:59:18,D100,100,11,1000404,1.0004,1.0,0.0004,0.0001,BALANCED,NO
2026-08-05 18:59:18,D100,100,12,1001462,1.0015,1.0,0.0015,0.0001,BALANCED,NO
2026-08-05 18:59:18,D100,100,13,1001864,1.0019,1.0,0.0019,0.0001,BALANCED,NO
2026-08-05 18:59:18,D100,100,14,1000208,1.0002,1.0,0.0002,0.0001,BALANCED,NO
2026-08-05 18:59:18,D100,100,15,999696,0.9997,1.0,-0.0003,0.0001,BALANCED,NO
2026-08-05 18:59:18,D100,100,16,998610,0.9986,1.0,-0.0014,0.0001,BALANCED,NO
2026-08-05 18:59:18,D100,100,17,999113,0.9991,1.0,-0.0009,0.0001,BALANCED,NO
2026-08-05 18:59:18,D100,100,18,999377,0.9994,1.0,-0.0006,0.0001,BALANCED,NO
2026-08-05 18:59:18,D100,100,19,999348,0.9993,1.0,-0.0007,0.0001,BALANCED,NO
2026-08-05 18:59:18,D100,100,20,1000852,1.0009,1.0,0.0009,0.0001,BALANCED,NO
2026-08-05 18:59:18,D100,100,21,999075,0.9991,1.0,-0.0009,0.0001,BALANCED,NO
2026-08-05 18:59:18,D100,100,22,1000923,1.0009,1.0,0.0009,0.0001,BALANCED,NO
2026-08-05 18:59:18,D100,100,23,1001139,1.0011,1.0,0.0011,0.0001,BALANCED,NO
2026-08-05 18:59:18,D100,100,24,1000819,1.0008,1.0,0.0008,0.0001,BALANCED,NO
2026-08-05 18:59:18,D100,100,25,999758,0.9998,1.0,-0.0002,0.0001,BALANCED,NO
2026-08-05 18:59:18,D100,100,26,999142,0.9991,1.0,-0.0009,0.0001,BALANCED,NO
2026-08-05 18:59:18,D100,100,27,999694,0.9997,1.0,-0.0003,0.0001,BALANCED,NO
2026-08-05 18:59:18,D100,100,28,998683,0.9987,1.0,-0.0013,0.0001,BALANCED,NO
2026-08-05 18:59:18,D100,100,29,1000117,1.0001,1.0,0.0001,0.0001,BALANCED,NO
2026-08-05 18:59:18,D100,100,30,1000049,1.0,1.0,0.0,0.0001,BALANCED,NO
2026-08-05 18:59:18,D100,100,31,1000744,1.0007,1.0,0.0007,0.0001,BALANCED,NO
2026-08-05 18:59:18,D100,100,32,998637,0.9986,1.0,-0.0014,0.0001,BALANCED,NO
2026-08-05 18:59:18,D100,100,33,999461,0.9995,1.0,-0.0005,0.0001,BALANCED,NO
2026-08-05 18:59:18,D100,100,34,998550,0.9985,1.0,-0.0015,0.0001,BALANCED,NO
2026-08-05 18:59:18,D100,100,35,1002376,1.0024,1.0,0.0024,0.0001,BALANCED,NO
2026-08-05 18:59:18,D100,100,36,1000247,1.0002,1.0,0.0002,0.0001,BALANCED,NO
2026-08-05 18:59:18,D100,100,37,999361,0.9994,1.0,-0.0006,0.0001,BALANCED,NO
2026-08-05 18:59:18,D100,100,38,1001337,1.0013,1.0,0.0013,0.0001,BALANCED,NO
2026-08-05 18:59:18,D100,100,39,1000868,1.0009,1.0,0.0009,0.0001,BALANCED,NO
2026-08-05 18:59:18,D100,100,40,998488,0.9985,1.0,-0.0015,0.0001,BALANCED,NO
2026-08-05 18:59:18,D100,100,41,1000631,1.0006,1.0,0.0006,0.0001,BALANCED,NO
2026-08-05 18:59:18,D100,100,42,999901,0.9999,1.0,-0.0001,0.0001,BALANCED,NO
2026-08-05 18:59:18,D100,100,43,998463,0.9985,1.0,-0.0015,0.0001,BALANCED,NO
2026-08-05 18:59:18,D100,100,44,1001537,1.0015,1.0,0.0015,0.0001,BALANCED,NO
2026-08-05 18:59:18,D100,100,45,999191,0.9992,1.0,-0.0008,0.0001,BALANCED,NO
2026-08-05 18:59:18,D100,100,46,1000381,1.0004,1.0,0.0004,0.0001,BALANCED,NO
2026-08-05 18:59:18,D100,100,47,999235,0.9992,1.0,-0.0008,0.0001,BALANCED,NO
2026-08-05 18:59:18,D100,100,48,999071,0.9991,1.0,-0.0009,0.0001,BALANCED,NO
2026-08-05 18:59:18,D100,100,49,1000951,1.001,1.0,0.001,0.0001,BALANCED,NO
2026-08-05 18:59:18,D100,100,50,999004,0.999,1.0,-0.001,0.0001,BALANCED,NO
2026-08-05 18:59:18,D100,100,51,1001210,1.0012,1.0,0.0012,0.0001,BALANCED,NO
2026-08-05 18:59:18,D100,100,52,1000285,1.0003,1.0,0.0003,0.0001,BALANCED,NO
2026-08-05 18:59:18,D100,100,53,1000619,1.0006,1.0,0.0006,0.0001,BALANCED,NO
2026-08-05 18:59:18,D100,100,54,999974,1.0,1.0,-0.0,0.0001,BALANCED,NO
2026-08-05 18:59:18,D100,100,55,1000331,1.0003,1.0,0.0003,0.0001,BALANCED,NO
2026-08-05 18:59:18,D100,100,56,1000760,1.0008,1.0,0.0008,0.0001,BALANCED,NO
2026-08-05 18:59:18,D100,100,57,1001390,1.0014,1.0,0.0014,0.0001,BALANCED,NO
2026-08-05 18:59:18,D100,100,58,997678,0.9977,1.0,-0.0023,0.0001,BALANCED,NO
2026-08-05 18:59:18,D100,100,59,999246,0.9992,1.0,-0.0008,0.0001,BALANCED,NO
2026-08-05 18:59:18,D100,100,60,1000830,1.0008,1.0,0.0008,0.0001,BALANCED,NO
2026-08-05 18:59:18,D100,100,61,1001508,1.0015,1.0,0.0015,0.0001,BALANCED,NO
2026-08-05 18:59:18,D100,100,62,997932,0.9979,1.0,-0.0021,0.0001,BALANCED,NO
2026-08-05 18:59:18,D100,100,63,1000871,1.0009,1.0,0.0009,0.0001,BALANCED,NO
2026-08-05 18:59:18,D100,100,64,999538,0.9995,1.0,-0.0005,0.0001,BALANCED,NO
2026-08-05 18:59:18,D100,100,65,1000430,1.0004,1.0,0.0004,0.0001,BALANCED,NO
2026-08-05 18:59:18,D100,100,66,999858,0.9999,1.0,-0.0001,0.0001,BALANCED,NO
2026-08-05 18:59:18,D100,100,67,1002189,1.0022,1.0,0.0022,0.0001,BALANCED,NO
2026-08-05 18:59:18,D100,100,68,1001245,1.0012,1.0,0.0012,0.0001,BALANCED,NO
2026-08-05 18:59:18,D100,100,69,999847,0.9998,1.0,-0.0002,0.0001,BALANCED,NO
2026-08-05 18:59:18,D100,100,70,1000053,1.0001,1.0,0.0001,0.0001,BALANCED,NO
2026-08-05 18:59:18,D100,100,71,999756,0.9998,1.0,-0.0002,0.0001,BALANCED,NO
2026-08-05 18:59:18,D100,100,72,999274,0.9993,1.0,-0.0007,0.0001,BALANCED,NO
2026-08-05 18:59:18,D100,100,73,1000290,1.0003,1.0,0.0003,0.0001,BALANCED,NO
2026-08-05 18:59:18,D100,100,74,999516,0.9995,1.0,-0.0005,0.0001,BALANCED,NO
2026-08-05 18:59:18,D100,100,75,1000567,1.0006,1.0,0.0006,0.0001,BALANCED,NO
2026-08-05 18:59:18,D100,100,76,999987,1.0,1.0,-0.0,0.0001,BALANCED,NO
2026-08-05 18:59:18,D100,100,77,1000295,1.0003,1.0,0.0003,0.0001,BALANCED,NO
2026-08-05 18:59:18,D100,100,78,1000697,1.0007,1.0,0.0007,0.0001,BALANCED,NO
2026-08-05 18:59:18,D100,100,79,1000397,1.0004,1.0,0.0004,0.0001,BALANCED,NO
2026-08-05 18:59:18,D100,100,80,1000425,1.0004,1.0,0.0004,0.0001,BALANCED,NO
2026-08-05 18:59:18,D100,100,81,1000757,1.0008,1.0,0.0008,0.0001,BALANCED,NO
2026-08-05 18:59:18,D100,100,82,1000195,1.0002,1.0,0.0002,0.0001,BALANCED,NO
2026-08-05 18:59:18,D100,100,83,999478,0.9995,1.0,-0.0005,0.0001,BALANCED,NO
2026-08-05 18:59:18,D100,100,84,1000338,1.0003,1.0,0.0003,0.0001,BALANCED,NO
2026-08-05 18:59:18,D100,100,85,999581,0.9996,1.0,-0.0004,0.0001,BALANCED,NO
2026-08-05 18:59:18,D100,100,86,999198,0.9992,1.0,-0.0008,0.0001,BALANCED,NO
2026-08-05 18:59:18,D100,100,87,1000866,1.0009,1.0,0.0009,0.0001,BALANCED,NO
2026-08-05 18:59:18,D100,100,88,1000809,1.0008,1.0,0.0008,0.0001,BALANCED,NO
2026-08-05 18:59:18,D100,100,89,997339,0.9973,1.0,-0.0027,0.0001,BALANCED,NO
2026-08-05 18:59:18,D100,100,90,999104,0.9991,1.0,-0.0009,0.0001,BALANCED,NO
2026-08-05 18:59:18,D100,100,91,999103,0.9991,1.0,-0.0009,0.0001,BALANCED,NO
2026-08-05 18:59:18,D100,100,92,1000704,1.0007,1.0,0.0007,0.0001,BALANCED,NO
2026-08-05 18:59:18,D100,100,93,999760,0.9998,1.0,-0.0002,0.0001,BALANCED,NO
2026-08-05 18:59:18,D100,100,94,999127,0.9991,1.0,-0.0009,0.0001,BALANCED,NO
2026-08-05 18:59:18,D100,100,95,1000321,1.0003,1.0,0.0003,0.0001,BALANCED,NO
2026-08-05 18:59:18,D100,100,96,1001591,1.0016,1.0,0.0016,0.0001,BALANCED,NO
2026-08-05 18:59:18,D100,100,97,1000322,1.0003,1.0,0.0003,0.0001,BALANCED,NO
2026-08-05 18:59:18,D100,100,98,999460,0.9995,1.0,-0.0005,0.0001,BALANCED,NO
2026-08-05 18:59:18,D100,100,99,1000849,1.0008,1.0,0.0008,0.0001,BALANCED,NO
2026-08-05 18:59:18,D100,100,100,999706,0.9997,1.0,-0.0003,0.0001,BALANCED,NO
